,SEDOL,HOLDINGS,TICKER,% OF FUNDS*,SUB-INDUSTRY,COUNTRY,SECURITYDEPOSITORYRECEIPTTYPE,MARKET VALUE*,SHARES
,2379504,NVIDIA Corp,NVDA,7.83%,Semiconductors,US,---,"$118,321,417,727.43 ","619,062,511"
,2046251,Apple Inc,AAPL,6.46%,"Technology Hardware, Storage & Peripherals",US,---,"$97,679,279,141.60 ","376,442,420"
,2588173,Microsoft Corp,MSFT,5.39%,Systems Software,US,---,"$81,473,550,495.75 ","189,345,675"
,2000019,Amazon.com Inc,AMZN,3.92%,Broadline Retail,US,---,"$59,306,487,392.30 ","247,833,211"
,BYVY8G0,Alphabet Inc,GOOGL,3.31%,Interactive Media & Services,US,---,"$50,098,813,934.00 ","148,221,343"
,BYY88Y7,Alphabet Inc,GOOG,2.65%,Interactive Media & Services,US,---,"$40,102,912,084.95 ","118,461,915"
,BDZ78H9,Broadcom Inc,AVGO,2.64%,Semiconductors,US,---,"$39,857,650,459.90 ","120,306,823"
,B7TL820,Meta Platforms Inc,META,2.63%,Interactive Media & Services,US,---,"$39,754,045,972.50 ","55,483,665"
,B616C79,Tesla Inc,TSLA,2.04%,Automobile Manufacturers,US,---,"$30,810,961,829.04 ","71,585,144"
,2073390,Berkshire Hathaway Inc,BRK/B,1.48%,Multi-Sector Holdings,US,---,"$22,448,233,813.16 ","46,715,572"
,2516152,Eli Lilly & Co,LLY,1.39%,Pharmaceuticals,US,---,"$20,982,501,789.45 ","20,230,923"
,2190385,JPMorgan Chase & Co,JPM,1.34%,Diversified Banks,US,---,"$20,273,037,777.98 ","66,275,582"
,2326618,Exxon Mobil Corp,XOM,1.00%,Integrated Oil & Gas,US,---,"$15,191,683,568.60 ","107,437,649"
,2475833,Johnson & Johnson,JNJ,0.92%,Pharmaceuticals,US,---,"$13,948,158,681.00 ","61,378,036"
,B2PZN04,Visa Inc,V,0.90%,Transaction & Payment Processing Services,US,---,"$13,563,292,988.74 ","42,144,278"
,2936921,Walmart Inc,WMT,0.88%,Consumer Staples Merchandise Retail,US,---,"$13,309,581,774.58 ","111,713,797"
,2588184,Micron Technology Inc,MU,0.78%,Semiconductors,US,---,"$11,863,651,254.40 ","28,595,380"
,B121557,Mastercard Inc,MA,0.74%,Transaction & Payment Processing Services,US,---,"$11,254,833,878.68 ","20,889,092"
,2701271,Costco Wholesale Corp,COST,0.70%,Consumer Staples Merchandise Retail,US,---,"$10,615,679,188.25 ","11,290,273"
,B92SR70,AbbVie Inc,ABBV,0.66%,Biotechnology,US,---,"$10,041,223,951.91 ","45,025,891"
,2007849,Advanced Micro Devices Inc,AMD,0.65%,Semiconductors,US,---,"$9,818,453,450.52 ","41,475,324"
,2434209,Home Depot Inc/The,HD,0.63%,Home Improvement Retail,US,---,"$9,499,035,270.74 ","25,358,486"
,2704407,Procter & Gamble Co/The,PG,0.60%,Household Products,US,---,"$9,035,027,154.96 ","59,531,048"
,2857817,Netflix Inc,NFLX,0.60%,Movies & Entertainment,US,---,"$9,012,763,700.82 ","107,950,218"
,2295677,Bank of America Corp,BAC,0.59%,Diversified Banks,US,---,"$8,852,053,868.00 ","166,391,990"
,BN78DQ4,Palantir Technologies Inc,PLTR,0.56%,Application Software,US,---,"$8,530,869,696.19 ","58,195,441"
,2838555,Chevron Corp,CVX,0.56%,Integrated Oil & Gas,US,---,"$8,530,125,252.90 ","48,220,041"
,BL59CR9,General Electric Co,GE,0.55%,Aerospace & Defense,US,---,"$8,244,101,069.49 ","26,872,131"
,2198163,Cisco Systems Inc,CSCO,0.52%,Communications Equipment,US,---,"$7,862,804,430.80 ","100,393,315"
,2180201,Caterpillar Inc,CAT,0.52%,Construction Machinery & Heavy Transportation Equipment,US,---,"$7,838,054,967.60 ","11,923,535"
,BSML4N7,Lam Research Corp,LRCX,0.49%,Semiconductor Materials & Equipment,US,---,"$7,470,345,063.24 ","31,998,394"
,2206657,Coca-Cola Co/The,KO,0.49%,Soft Drinks & Non-alcoholic Beverages,US,---,"$7,378,656,852.79 ","98,631,959"
,2005973,International Business Machines Corp,IBM,0.48%,IT Consulting & Other Services,US,---,"$7,303,849,490.40 ","23,814,312"
,2649100,Wells Fargo & Co,WFC,0.48%,Diversified Banks,US,---,"$7,236,605,651.70 ","79,971,330"
,B2PKRQ3,Philip Morris International Inc,PM,0.47%,Tobacco,US,---,"$7,116,444,874.16 ","39,659,189"
,2661568,Oracle Corp,ORCL,0.47%,Systems Software,US,---,"$7,052,212,677.90 ","42,849,755"
,2778844,Merck & Co Inc,MRK,0.46%,Pharmaceuticals,US,---,"$6,972,770,726.05 ","63,233,615"
,2407966,Goldman Sachs Group Inc/The,GS,0.46%,Investment Banking & Brokerage,US,---,"$6,888,753,983.02 ","7,364,422"
,BM5M5Y3,RTX Corp,RTX,0.45%,Aerospace & Defense,US,---,"$6,863,568,271.86 ","34,159,002"
,2917766,UnitedHealth Group Inc,UNH,0.44%,Managed Health Care,US,---,"$6,621,547,308.46 ","23,077,222"
,2046552,Applied Materials Inc,AMAT,0.43%,Semiconductor Materials & Equipment,US,---,"$6,541,723,561.44 ","20,295,742"
,2550707,McDonald's Corp,MCD,0.38%,Restaurants,US,---,"$5,715,022,320.00 ","18,142,928"
,2262314,Morgan Stanley,MS,0.37%,Investment Banking & Brokerage,US,---,"$5,625,213,548.40 ","30,772,503"
,2886907,Thermo Fisher Scientific Inc,TMO,0.37%,Life Sciences Tools & Services,US,---,"$5,538,494,844.09 ","9,572,069"
,BNZHB81,Linde PLC,LIN,0.36%,Industrial Gases,US,---,"$5,436,096,841.20 ","11,895,960"
,2681511,PepsiCo Inc,PEP,0.35%,Soft Drinks & Non-alcoholic Beverages,US,---,"$5,351,921,509.05 ","34,836,435"
,2463247,Intel Corp,INTC,0.35%,Semiconductors,US,---,"$5,308,244,493.24 ","114,229,492"
,2310525,Salesforce Inc,CRM,0.34%,Application Software,US,---,"$5,148,592,733.31 ","24,252,639"
,2270726,Walt Disney Co/The,DIS,0.34%,Movies & Entertainment,US,---,"$5,130,333,955.20 ","45,481,684"
,2297907,Citigroup Inc,C,0.34%,Diversified Banks,US,---,"$5,081,679,114.12 ","43,917,372"
,BP6H4Y1,GE Vernova Inc,GEV,0.33%,Heavy Electrical Equipment,US,---,"$5,020,954,903.41 ","6,912,393"
,2885409,Texas Instruments Inc,TXN,0.33%,Semiconductors,US,---,"$4,989,819,328.65 ","23,149,243"
,2002305,Abbott Laboratories,ABT,0.32%,Health Care Equipment,US,---,"$4,841,829,547.60 ","44,298,532"
,2026082,American Express Co,AXP,0.32%,Consumer Finance,US,---,"$4,820,484,999.33 ","13,687,949"
,2090571,Verizon Communications Inc,VZ,0.32%,Integrated Telecommunication Services,US,---,"$4,782,139,618.20 ","107,415,535"
,2480138,KLA Corp,KLAC,0.32%,Semiconductor Materials & Equipment,US,---,"$4,778,916,784.74 ","3,346,721"
,2831811,AT&T Inc,T,0.31%,Integrated Telecommunication Services,US,---,"$4,733,871,945.79 ","180,613,199"
,2023607,Amgen Inc,AMGN,0.31%,Biotechnology,US,---,"$4,689,761,805.96 ","13,717,567"
,2328915,NextEra Energy Inc,NEE,0.31%,Electric Utilities,US,---,"$4,663,869,399.00 ","53,058,810"
,2108601,Boeing Co/The,BA,0.31%,Aerospace & Defense,US,---,"$4,662,140,451.12 ","19,947,546"
,2871301,Intuitive Surgical Inc,ISRG,0.30%,Health Care Equipment,US,---,"$4,553,606,282.02 ","9,030,991"
,2145084,Amphenol Corp,APH,0.30%,Electronic Components,US,---,"$4,492,745,351.76 ","31,182,297"
,2369174,Gilead Sciences Inc,GILD,0.30%,Biotechnology,US,---,"$4,486,522,943.95 ","31,606,361"
,2779397,Charles Schwab Corp/The,SCHW,0.29%,Investment Banking & Brokerage,US,---,"$4,421,973,807.12 ","42,551,711"
,2989301,TJX Cos Inc/The,TJX,0.28%,Apparel Retail,US,---,"$4,247,850,565.20 ","28,354,920"
,BK6N347,Uber Technologies Inc,UBER,0.28%,Passenger Ground Transportation,US,---,"$4,237,522,397.25 ","52,935,945"
,BYV2325,S&P Global Inc,SPGI,0.28%,Financial Exchanges & Data,US,---,"$4,168,016,742.48 ","7,897,112"
,B4BNMY3,Accenture PLC,ACN,0.28%,IT Consulting & Other Services,US,---,"$4,164,887,436.84 ","15,797,631"
,2714923,QUALCOMM Inc,QCOM,0.27%,Semiconductors,US,---,"$4,136,065,692.45 ","27,284,555"
,BMZBBT7,Blackrock Inc,BLK,0.27%,Asset Management & Custody Banks,US,---,"$4,113,968,654.04 ","3,676,666"
,BDRXDB4,Booking Holdings Inc,BKNG,0.27%,"Hotels, Resorts & Cruise Lines",US,---,"$4,111,572,502.08 ","822,012"
,2032067,Analog Devices Inc,ADI,0.26%,Semiconductors,US,---,"$3,896,282,356.00 ","12,533,075"
,2684703,Pfizer Inc,PFE,0.25%,Pharmaceuticals,US,---,"$3,829,708,568.64 ","144,845,256"
,2536763,Lowe's Cos Inc,LOW,0.25%,Home Improvement Retail,US,---,"$3,815,309,693.34 ","14,286,339"
,BL9XPM3,Arista Networks Inc,ANET,0.25%,Communications Equipment,US,---,"$3,728,909,668.78 ","26,308,097"
,2020459,Honeywell International Inc,HON,0.24%,Industrial Conglomerates,US,---,"$3,679,580,851.20 ","16,172,560"
,2914734,Union Pacific Corp,UNP,0.23%,Rail Transportation,US,---,"$3,552,787,706.50 ","15,111,815"
,2654461,Capital One Financial Corp,COF,0.23%,Consumer Finance,US,---,"$3,545,997,606.71 ","16,196,947"
,2459020,Intuit Inc,INTU,0.23%,Application Software,US,---,"$3,543,879,150.92 ","7,103,101"
,2113434,Boston Scientific Corp,BSX,0.23%,Health Care Equipment,US,---,"$3,532,242,382.28 ","37,765,876"
,2250870,Danaher Corp,DHR,0.23%,Life Sciences Tools & Services,US,---,"$3,505,884,518.50 ","16,016,650"
,B8KQN82,Eaton Corp PLC,ETN,0.23%,Electrical Components & Equipment,US,---,"$3,477,241,510.02 ","9,894,831"
,2261203,Deere & Co,DE,0.22%,Agricultural & Farm Machinery,US,---,"$3,381,091,824.00 ","6,403,583"
,BTN1Y11,Medtronic PLC,MDT,0.22%,Health Care Equipment,US,---,"$3,364,214,705.28 ","32,674,968"
,BYVYHH4,Welltower Inc,WELL,0.22%,Health Care REITs,US,---,"$3,293,441,260.28 ","17,484,823"
,2522096,Lockheed Martin Corp,LMT,0.22%,Aerospace & Defense,US,---,"$3,290,894,644.70 ","5,188,885"
,2685717,ConocoPhillips,COP,0.22%,Oil & Gas Exploration & Production,US,---,"$3,281,551,679.42 ","31,483,754"
,BMV3LG4,AppLovin Corp,APP,0.22%,Application Software,US,---,"$3,262,987,154.79 ","6,896,889"
,2853688,Stryker Corp,SYK,0.21%,Health Care Equipment,US,---,"$3,240,405,926.36 ","8,768,281"
,2008154,Adobe Inc,ADBE,0.21%,Application Software,US,---,"$3,127,039,997.25 ","10,663,393"
,2636607,Newmont Corp,NEM,0.21%,Gold,US,---,"$3,123,545,150.25 ","27,801,915"
,2705024,Progressive Corp/The,PGR,0.21%,Property & Casualty Insurance,US,---,"$3,106,925,120.00 ","14,937,140"
,B80NXX8,ServiceNow Inc,NOW,0.20%,Systems Software,US,---,"$3,092,447,578.17 ","26,428,917"
,B44WZD7,Prologis Inc,PLD,0.20%,Industrial REITs,US,---,"$3,089,355,893.76 ","23,662,346"
,B87ZMX0,Palo Alto Networks Inc,PANW,0.20%,Systems Software,US,---,"$3,083,827,898.70 ","17,425,710"
,2931034,Vertex Pharmaceuticals Inc,VRTX,0.20%,Biotechnology,US,---,"$3,037,289,340.70 ","6,463,693"
,2671501,Parker-Hannifin Corp,PH,0.20%,Industrial Machinery & Supplies & Components,US,---,"$3,008,577,737.28 ","3,214,842"
,B3BQMF6,Chubb Ltd,CB,0.19%,Property & Casualty Insurance,US,---,"$2,886,197,828.44 ","9,323,549"
,2126335,Bristol-Myers Squibb Co,BMY,0.19%,Pharmaceuticals,US,---,"$2,854,922,231.55 ","51,860,531"
,BJJP138,Crowdstrike Holdings Inc,CRWD,0.19%,Systems Software,US,---,"$2,821,662,923.49 ","6,392,458"
,2044545,Comcast Corp,CMCSA,0.18%,Integrated Telecommunication Services,US,---,"$2,754,632,230.00 ","92,592,680"
,BKF2SL7,Blackstone Inc,BX,0.18%,Asset Management & Custody Banks,US,---,"$2,679,442,026.88 ","18,813,664"
,2842255,Starbucks Corp,SBUX,0.18%,Restaurants,US,---,"$2,663,092,128.30 ","28,962,394"
,2965839,CME Group Inc,CME,0.18%,Financial Exchanges & Data,US,---,"$2,655,554,907.84 ","9,186,864"
,2692632,Altria Group Inc,MO,0.18%,Tobacco,US,---,"$2,650,892,751.68 ","42,763,232"
,2378534,McKesson Corp,MCK,0.17%,Health Care Distributors,US,---,"$2,613,338,370.57 ","3,144,017"
,2065308,Automatic Data Processing Inc,ADP,0.17%,Human Resource & Employment Services,US,---,"$2,543,164,910.86 ","10,303,723"
,BFSSDS9,Intercontinental Exchange Inc,ICE,0.17%,Financial Exchanges & Data,US,---,"$2,524,493,371.00 ","14,526,950"
,2829601,Southern Co/The,SO,0.17%,Electric Utilities,US,---,"$2,505,257,851.98 ","28,051,258"
,B94Q9V0,T-Mobile US Inc,TMUS,0.16%,Wireless Telecommunication Services,US,---,"$2,416,483,350.71 ","12,253,351"
,2577609,CVS Health Corp,CVS,0.16%,Health Care Services,US,---,"$2,410,084,108.80 ","32,341,440"
,B7VD3F2,Duke Energy Corp,DUK,0.16%,Electric Utilities,US,---,"$2,404,255,612.20 ","19,812,572"
,BK9ZQ96,Trane Technologies PLC,TT,0.16%,Building Products,US,---,"$2,375,951,471.08 ","5,649,226"
,2648806,Northrop Grumman Corp,NOC,0.16%,Aerospace & Defense,US,---,"$2,366,101,067.62 ","3,417,937"
,2567741,Marsh & McLennan Cos Inc,MRSH,0.16%,Insurance Brokers,US,---,"$2,348,537,994.09 ","12,479,611"
,2365161,General Dynamics Corp,GD,0.15%,Aerospace & Defense,US,---,"$2,267,804,765.34 ","6,459,326"
,BKVD2N4,Seagate Technology Holdings PLC,STX,0.15%,"Technology Hardware, Storage & Peripherals",US,---,"$2,262,339,078.85 ","5,549,165"
,BMH4FS1,Constellation Energy Corp,CEG,0.15%,Electric Utilities,US,---,"$2,233,143,128.52 ","7,956,189"
,2692665,PNC Financial Services Group Inc/The,PNC,0.15%,Diversified Banks,US,---,"$2,230,979,358.30 ","9,990,951"
,2736035,US Bancorp,USB,0.15%,Diversified Banks,US,---,"$2,221,809,945.67 ","39,597,397"
,2352118,Freeport-McMoRan Inc,FCX,0.15%,Copper,US,---,"$2,203,293,626.36 ","36,581,332"
,2867719,Synopsys Inc,SNPS,0.15%,Application Software,US,---,"$2,201,065,574.96 ","4,732,304"
,2954699,Western Digital Corp,WDC,0.14%,"Technology Hardware, Storage & Peripherals",US,---,"$2,179,701,732.39 ","8,710,793"
,B7FBFL2,American Tower Corp,AMT,0.14%,Telecom Tower REITs,US,---,"$2,138,266,823.04 ","11,926,968"
,BKLJ8V2,Howmet Aerospace Inc,HWM,0.14%,Aerospace & Defense,US,---,"$2,131,435,643.76 ","10,243,347"
,B1Z77F6,Bank of New York Mellon Corp/The,BK,0.14%,Asset Management & Custody Banks,US,---,"$2,130,309,126.48 ","17,764,419"
,B65LWX6,O'Reilly Automotive Inc,ORLY,0.14%,Automotive Retail,US,---,"$2,116,475,626.33 ","21,506,713"
,2313405,Emerson Electric Co,EMR,0.14%,Electrical Components & Equipment,US,---,"$2,103,437,451.28 ","14,312,993"
,2937667,Waste Management Inc,WM,0.14%,Environmental & Facilities Services,US,---,"$2,098,116,058.08 ","9,440,767"
,2754907,Royal Caribbean Cruises Ltd,RCL,0.14%,"Hotels, Resorts & Cruise Lines",US,---,"$2,097,762,335.80 ","6,461,612"
,2967181,Williams Cos Inc/The,WMB,0.14%,Oil & Gas Storage & Transportation,US,---,"$2,092,490,279.46 ","31,110,471"
,B01ZKD6,CRH PLC,CRH,0.14%,Construction Materials,US,---,"$2,090,304,129.73 ","17,076,253"
,2804211,Sherwin-Williams Co/The,SHW,0.14%,Specialty Chemicals,US,---,"$2,082,978,394.64 ","5,873,501"
,2595708,3M Co,MMM,0.14%,Industrial Conglomerates,US,---,"$2,072,802,347.00 ","13,533,575"
,2302232,Cadence Design Systems Inc,CDNS,0.14%,Application Software,US,---,"$2,055,235,262.08 ","6,934,928"
,BVLZX12,Equinix Inc,EQIX,0.14%,Data Center REITs,US,---,"$2,053,036,746.31 ","2,500,867"
,2224701,Corning Inc,GLW,0.14%,Electronic Components,US,---,"$2,052,053,689.00 ","19,874,612"
,B11FJK3,TransDigm Group Inc,TDG,0.14%,Aerospace & Defense,US,---,"$2,047,791,854.60 ","1,434,490"
,BSNPZV3,SANDISK CORP,SNDK,0.14%,"Technology Hardware, Storage & Peripherals",US,---,"$2,044,063,627.50 ","3,547,182"
,2240202,Cummins Inc,CMI,0.13%,Construction Machinery & Heavy Transportation Equipment,US,---,"$2,035,580,284.32 ","3,516,776"
,2252058,Moody's Corp,MCO,0.13%,Financial Exchanges & Data,US,---,"$2,014,991,503.80 ","3,908,355"
,2517382,United Parcel Service Inc,UPS,0.13%,Air Freight & Logistics,US,---,"$1,999,856,943.78 ","18,827,499"
,BG1FRR1,KKR & Co Inc,KKR,0.13%,Asset Management & Custody Banks,US,---,"$1,997,659,682.56 ","17,483,456"
,B665KZ5,General Motors Co,GM,0.13%,Automobile Manufacturers,US,---,"$1,996,316,028.00 ","23,765,667"
,BP0TQN6,Robinhood Markets Inc,HOOD,0.13%,Investment Banking & Brokerage,US,---,"$1,992,905,819.88 ","20,033,231"
,B4MGBG6,HCA Healthcare Inc,HCA,0.13%,Health Care Facilities,US,---,"$1,987,144,644.82 ","4,069,766"
,BN13P03,DoorDash Inc,DASH,0.13%,Restaurants,US,---,"$1,948,395,118.54 ","9,522,017"
,BSPHGL4,Elevance Health Inc,ELV,0.13%,Managed Health Care,US,---,"$1,927,641,561.92 ","5,575,408"
,B8CKK03,Mondelez International Inc,MDLZ,0.13%,Packaged Foods & Meats,US,---,"$1,921,869,783.57 ","32,869,331"
,BLP1HW5,Aon PLC,AON,0.13%,Insurance Brokers,US,---,"$1,914,551,369.56 ","5,475,779"
,2730190,Regeneron Pharmaceuticals Inc,REGN,0.13%,Biotechnology,US,---,"$1,903,786,316.85 ","2,567,653"
,2640147,NIKE Inc,NKE,0.12%,Footwear,US,---,"$1,872,672,960.69 ","30,297,249"
,BHJ0775,Cigna Group/The,CI,0.12%,Health Care Services,US,---,"$1,865,460,813.09 ","6,805,519"
,BY7QL61,Johnson Controls International plc,JCI,0.12%,Building Products,US,---,"$1,856,801,158.04 ","15,569,354"
,2209106,Colgate-Palmolive Co,CL,0.12%,Household Products,US,---,"$1,853,979,827.48 ","20,533,612"
,2779201,SLB Ltd,SLB,0.12%,Oil & Gas Equipment & Services,US,---,"$1,841,389,728.60 ","38,060,970"
,2304227,Ecolab Inc,ECL,0.12%,Specialty Chemicals,US,---,"$1,831,226,422.59 ","6,493,941"
,2150204,Quanta Services Inc,PWR,0.12%,Construction & Engineering,US,---,"$1,803,146,423.91 ","3,799,057"
,2160753,CSX Corp,CSX,0.12%,Rail Transportation,US,---,"$1,791,206,393.60 ","47,436,610"
,2210614,Marriott International Inc/MD,MAR,0.12%,"Hotels, Resorts & Cruise Lines",US,---,"$1,789,418,621.70 ","5,675,289"
,2142784,FedEx Corp,FDX,0.12%,Air Freight & Logistics,US,---,"$1,781,704,782.00 ","5,528,952"
,2795393,Cencora Inc,COR,0.12%,Health Care Distributors,US,---,"$1,774,363,238.58 ","4,939,489"
,BYVMW06,Hilton Worldwide Holdings Inc,HLT,0.12%,"Hotels, Resorts & Cruise Lines",US,---,"$1,767,553,830.05 ","5,921,255"
,2457552,Illinois Tool Works Inc,ITW,0.12%,Industrial Machinery & Supplies & Components,US,---,"$1,757,165,003.58 ","6,725,733"
,BM8JYX3,Warner Bros Discovery Inc,WBD,0.11%,Movies & Entertainment,US,---,"$1,738,572,770.16 ","63,129,004"
,B5BKPQ4,Motorola Solutions Inc,MSI,0.11%,Communications Equipment,US,---,"$1,708,076,647.38 ","4,243,247"
,BKP7287,Truist Financial Corp,TFC,0.11%,Regional Banks,US,---,"$1,675,914,885.72 ","32,592,666"
,BRC3N84,TE Connectivity PLC,TEL,0.11%,Electronic Manufacturing Services,US,---,"$1,669,752,585.72 ","7,495,074"
,2197137,Cintas Corp,CTAS,0.11%,Diversified Support Services,US,---,"$1,665,578,173.65 ","8,702,535"
,2641894,Norfolk Southern Corp,NSC,0.11%,Rail Transportation,US,---,"$1,664,465,432.76 ","5,715,099"
,2665861,PACCAR Inc,PCAR,0.11%,Construction Machinery & Heavy Transportation Equipment,US,---,"$1,644,620,239.17 ","13,380,687"
,BK9DTN5,L3Harris Technologies Inc,LHX,0.11%,Aerospace & Defense,US,---,"$1,633,901,045.40 ","4,765,644"
,2026242,American Electric Power Co Inc,AEP,0.11%,Electric Utilities,US,---,"$1,633,361,613.90 ","13,636,916"
,2359506,Arthur J Gallagher & Co,AJG,0.11%,Insurance Brokers,US,---,"$1,631,525,418.93 ","6,542,589"
,2769503,Travelers Cos Inc/The,TRV,0.11%,Property & Casualty Insurance,US,---,"$1,616,860,941.17 ","5,682,967"
,BN44JF6,Apollo Global Management Inc,APO,0.11%,Diversified Financial Services,US,---,"$1,591,486,575.84 ","11,829,096"
,2812452,Simon Property Group Inc,SPG,0.11%,Retail REITs,US,---,"$1,591,181,897.76 ","8,317,296"
,2065955,AutoZone Inc,AZO,0.10%,Automotive Retail,US,---,"$1,567,022,094.41 ","423,029"
,2746711,Ross Stores Inc,ROST,0.10%,Apparel Retail,US,---,"$1,563,148,051.85 ","8,285,969"
,2318024,EOG Resources Inc,EOG,0.10%,Oil & Gas Exploration & Production,US,---,"$1,550,323,396.25 ","13,826,125"
,2011602,Air Products and Chemicals Inc,APD,0.10%,Industrial Gases,US,---,"$1,545,063,555.00 ","5,669,958"
,B3NQ4P8,Kinder Morgan Inc,KMI,0.10%,Oil & Gas Storage & Transportation,US,---,"$1,520,752,535.08 ","49,877,092"
,2087807,Becton Dickinson & Co,BDX,0.10%,Health Care Equipment,US,---,"$1,485,908,630.40 ","7,302,480"
,B78C4Y8,Phillips 66,PSX,0.10%,Oil & Gas Refining & Marketing,US,---,"$1,473,313,786.24 ","10,262,704"
,BZ07BW4,Monster Beverage Corp,MNST,0.10%,Soft Drinks & Non-alcoholic Beverages,US,---,"$1,467,240,007.80 ","18,167,905"
,B505PN7,NXP Semiconductors NV,NXPI,0.10%,Semiconductors,US,---,"$1,449,956,537.10 ","6,411,765"
,2138158,Sempra,SRE,0.10%,Multi-Utilities,US,---,"$1,446,623,648.47 ","16,625,947"
,BYQHPG3,Carvana Co,CVNA,0.10%,Automotive Retail,US,---,"$1,445,201,335.55 ","3,603,005"
,2724193,Realty Income Corp,O,0.09%,Retail REITs,US,---,"$1,433,559,453.04 ","23,439,494"
,2041364,Valero Energy Corp,VLO,0.09%,Oil & Gas Refining & Marketing,US,---,"$1,409,926,457.41 ","7,771,187"
,BDHLTQ5,Baker Hughes Co,BKR,0.09%,Oil & Gas Equipment & Services,US,---,"$1,408,853,781.84 ","25,140,146"
,BMGYYH4,Airbnb Inc,ABNB,0.09%,"Hotels, Resorts & Cruise Lines",US,---,"$1,401,426,916.48 ","10,832,704"
,B95WG16,Zoetis Inc,ZTS,0.09%,Pharmaceuticals,US,---,"$1,401,110,616.18 ","11,225,049"
,2615468,Ford Motor Co,F,0.09%,Automobile Manufacturers,US,---,"$1,383,892,574.88 ","99,704,076"
,B01Z7J1,Monolithic Power Systems Inc,MPWR,0.09%,Semiconductors,US,---,"$1,372,587,150.00 ","1,221,000"
,2065159,Autodesk Inc,ADSK,0.09%,Application Software,US,---,"$1,372,013,701.29 ","5,425,767"
,B03GQS4,Digital Realty Trust Inc,DLR,0.09%,Data Center REITs,US,---,"$1,365,020,729.30 ","8,225,494"
,2459202,IDEXX Laboratories Inc,IDXX,0.09%,Health Care Equipment,US,---,"$1,363,281,181.92 ","2,033,352"
,B3K3L40,Marathon Petroleum Corp,MPC,0.09%,Oil & Gas Refining & Marketing,US,---,"$1,349,500,347.93 ","7,659,347"
,2026361,Aflac Inc,AFL,0.09%,Life & Health Insurance,US,---,"$1,333,489,965.15 ","12,018,837"
,2019952,Allstate Corp/The,ALL,0.09%,Property & Casualty Insurance,US,---,"$1,326,603,847.14 ","6,666,686"
,2089212,AMETEK Inc,AME,0.09%,Electrical Components & Equipment,US,---,"$1,313,614,030.56 ","5,864,872"
,B0X7DZ3,Chipotle Mexican Grill Inc,CMG,0.09%,Restaurants,US,---,"$1,309,476,348.44 ","33,688,612"
,2542049,Dominion Energy Inc,D,0.09%,Multi-Utilities,US,---,"$1,308,863,027.67 ","21,752,751"
,B5B2106,Fortinet Inc,FTNT,0.09%,Systems Software,US,---,"$1,308,615,184.26 ","16,104,051"
,2175672,Cardinal Health Inc,CAH,0.09%,Health Care Distributors,US,---,"$1,300,707,318.40 ","6,053,180"
,BZ8VJQ8,Vistra Corp,VST,0.08%,Independent Power Producers & Energy Traders,US,---,"$1,284,594,264.55 ","8,112,373"
,B6WVMH3,CBRE Group Inc,CBRE,0.08%,Real Estate Services,US,---,"$1,272,063,956.56 ","7,468,232"
,2130109,ONEOK Inc,OKE,0.08%,Oil & Gas Storage & Transportation,US,---,"$1,269,499,166.26 ","16,031,054"
,2332262,Fastenal Co,FAST,0.08%,Trading Companies & Distributors,US,---,"$1,268,112,890.56 ","29,246,146"
,2134781,United Rentals Inc,URI,0.08%,Trading Companies & Distributors,US,---,"$1,267,827,184.28 ","1,621,138"
,BK73B42,Corteva Inc,CTVA,0.08%,Fertilizers & Agricultural Chemicals,US,---,"$1,252,930,369.60 ","17,210,582"
,B0J7D57,Ameriprise Financial Inc,AMP,0.08%,Asset Management & Custody Banks,US,---,"$1,247,826,571.41 ","2,366,939"
,2259101,Target Corp,TGT,0.08%,Consumer Staples Merchandise Retail,US,---,"$1,220,977,779.27 ","11,576,541"
,2754060,Rockwell Automation Inc,ROK,0.08%,Electrical Components & Equipment,US,---,"$1,206,113,802.30 ","2,860,462"
,2380863,WW Grainger Inc,GWW,0.08%,Trading Companies & Distributors,US,---,"$1,204,109,341.32 ","1,114,978"
,2567116,Edwards Lifesciences Corp,EW,0.08%,Health Care Equipment,US,---,"$1,202,911,993.44 ","14,785,054"
,BK4N0D7,Carrier Global Corp,CARR,0.08%,Building Products,US,---,"$1,201,854,790.44 ","20,172,118"
,BYW36M8,PayPal Holdings Inc,PYPL,0.08%,Transaction & Payment Processing Services,US,---,"$1,178,884,531.99 ","22,373,971"
,2310194,Electronic Arts Inc,EA,0.08%,Interactive Home Entertainment,US,---,"$1,166,154,041.28 ","5,718,684"
,B2972D2,MSCI Inc,MSCI,0.08%,Financial Exchanges & Data,US,---,"$1,166,062,310.50 ","1,914,025"
,2670519,Exelon Corp,EXC,0.08%,Electric Utilities,US,---,"$1,152,488,978.20 ","25,736,690"
,2336747,Fifth Third Bancorp,FITB,0.08%,Diversified Banks,US,---,"$1,150,382,308.32 ","22,906,856"
,2614807,Xcel Energy Inc,XEL,0.08%,Electric Utilities,US,---,"$1,146,274,551.72 ","15,070,662"
,BMC9P69,Coinbase Global Inc,COIN,0.07%,Financial Exchanges & Data,US,---,"$1,132,021,088.38 ","5,812,987"
,2965107,Nasdaq Inc,NDAQ,0.07%,Financial Exchanges & Data,US,---,"$1,113,232,769.84 ","11,489,656"
,2573209,MetLife Inc,MET,0.07%,Life & Health Insurance,US,---,"$1,112,496,148.64 ","14,103,653"
,2852533,Public Storage,PSA,0.07%,Self-Storage REITs,US,---,"$1,110,719,904.01 ","4,021,579"
,2262530,Republic Services Inc,RSG,0.07%,Environmental & Facilities Services,US,---,"$1,102,591,561.83 ","5,126,187"
,2098876,Yum! Brands Inc,YUM,0.07%,Restaurants,US,---,"$1,099,767,063.50 ","7,072,457"
,B55PZY3,Targa Resources Corp,TRGP,0.07%,Oil & Gas Storage & Transportation,US,---,"$1,099,113,394.60 ","5,468,770"
,2317087,Entergy Corp,ETR,0.07%,Electric Utilities,US,---,"$1,091,032,680.29 ","11,377,961"
,B1W9D46,Delta Air Lines Inc,DAL,0.07%,Passenger Airlines,US,---,"$1,088,847,272.92 ","16,525,228"
,BKT9Y49,Datadog Inc,DDOG,0.07%,Application Software,US,---,"$1,072,253,417.68 ","8,291,474"
,2293819,eBay Inc,EBAY,0.07%,Broadline Retail,US,---,"$1,050,528,653.38 ","11,516,429"
,2707677,Public Service Enterprise Group Inc,PEG,0.07%,Multi-Utilities,US,---,"$1,047,375,661.48 ","12,717,043"
,2592174,Microchip Technology Inc,MCHP,0.07%,Semiconductors,US,---,"$1,045,344,529.84 ","13,769,027"
,2250687,DR Horton Inc,DHI,0.07%,Homebuilding,US,---,"$1,038,513,239.20 ","6,977,380"
,2651086,Nucor Corp,NUE,0.07%,Steel,US,---,"$1,035,792,680.16 ","5,828,228"
,2027342,American International Group Inc,AIG,0.07%,Property & Casualty Insurance,US,---,"$1,029,411,751.68 ","13,747,486"
,2868165,Sysco Corp,SYY,0.07%,Food Distributors,US,---,"$1,023,032,552.10 ","12,200,746"
,2036047,Comfort Systems USA Inc,FIX,0.07%,Construction & Engineering,US,---,"$1,022,795,091.90 ","895,539"
,2749602,Roper Technologies Inc,ROP,0.07%,Application Software,US,---,"$1,018,008,437.34 ","2,742,258"
,2931205,Vulcan Materials Co,VMC,0.07%,Construction Materials,US,---,"$1,011,511,248.84 ","3,365,646"
,2257019,Cognizant Technology Solutions Corp,CTSH,0.07%,IT Consulting & Other Services,US,---,"$1,009,249,539.32 ","12,298,922"
,2955733,Westinghouse Air Brake Technologies Corp,WAB,0.07%,Construction Machinery & Heavy Transportation Equipment,US,---,"$1,002,366,484.96 ","4,355,464"
,2572079,Martin Marietta Materials Inc,MLM,0.07%,Construction Materials,US,---,"$1,001,208,090.35 ","1,535,713"
,BDR73G1,IQVIA Holdings Inc,IQV,0.07%,Life Sciences Tools & Services,US,---,"$998,544,900.50 ","4,338,670"
,2819118,Prudential Financial Inc,PRU,0.07%,Life & Health Insurance,US,---,"$990,961,423.62 ","8,918,742"
,2216850,Consolidated Edison Inc,ED,0.06%,Multi-Utilities,US,---,"$980,523,842.36 ","9,195,572"
,2122117,Take-Two Interactive Software Inc,TTWO,0.06%,Interactive Home Entertainment,US,---,"$974,838,955.60 ","4,425,052"
,BDT5S35,Axon Enterprise Inc,AXON,0.06%,Aerospace & Defense,US,---,"$971,793,179.98 ","2,009,581"
,B8K6ZD1,Workday Inc,WDAY,0.06%,Application Software,US,---,"$970,992,935.64 ","5,528,628"
,2520153,Agilent Technologies Inc,A,0.06%,Life Sciences Tools & Services,US,---,"$966,776,598.60 ","7,222,836"
,BTGQCX1,Crown Castle Inc,CCI,0.06%,Telecom Tower REITs,US,---,"$963,136,549.65 ","11,094,765"
,2884183,Teradyne Inc,TER,0.06%,Semiconductor Materials & Equipment,US,---,"$961,764,189.75 ","3,989,895"
,2732903,ResMed Inc,RMD,0.06%,Health Care Equipment,US,---,"$960,627,509.14 ","3,718,894"
,2476193,Hartford Insurance Group Inc/The,HIG,0.06%,Property & Casualty Insurance,US,---,"$958,896,556.92 ","7,099,782"
,BD3W133,Keurig Dr Pepper Inc,KDP,0.06%,Soft Drinks & Non-alcoholic Beverages,US,---,"$949,740,163.68 ","34,611,522"
,BQZJ0Q9,Keysight Technologies Inc,KEYS,0.06%,Electronic Equipment & Instruments,US,---,"$947,188,141.53 ","4,378,441"
,2842040,State Street Corp,STT,0.06%,Asset Management & Custody Banks,US,---,"$931,360,848.66 ","7,117,231"
,2927925,Ventas Inc,VTR,0.06%,Health Care REITs,US,---,"$929,507,880.33 ","11,967,399"
,2208073,Copart Inc,CPRT,0.06%,Diversified Support Services,US,---,"$920,556,407.24 ","22,684,978"
,2319414,EQT Corp,EQT,0.06%,Oil & Gas Exploration & Production,US,---,"$917,767,408.86 ","15,897,582"
,BYY8XK8,WEC Energy Group Inc,WEC,0.06%,Multi-Utilities,US,---,"$917,196,217.56 ","8,287,668"
,BL6JPG8,GE HealthCare Technologies Inc,GEHC,0.06%,Health Care Equipment,US,---,"$916,285,435.32 ","11,602,956"
,2497406,Kroger Co/The,KR,0.06%,Food Retail,US,---,"$913,615,316.85 ","14,536,441"
,2445966,Huntington Bancshares Inc/OH,HBAN,0.06%,Regional Banks,US,---,"$905,283,379.16 ","51,789,667"
,2740542,Arch Capital Group Ltd,ACGL,0.06%,Property & Casualty Insurance,US,---,"$883,551,481.12 ","9,199,828"
,2330299,Fair Isaac Corp,FICO,0.06%,Application Software,US,---,"$882,572,438.64 ","603,192"
,BHKD3S6,Dell Technologies Inc,DELL,0.06%,"Technology Hardware, Storage & Peripherals",US,---,"$878,915,107.16 ","7,680,139"
,2342034,Fiserv Inc,FISV,0.06%,Transaction & Payment Processing Services,US,---,"$873,450,176.67 ","13,705,479"
,2340168,M&T Bank Corp,MTB,0.06%,Regional Banks,US,---,"$867,571,515.48 ","3,915,564"
,2689560,PG&E Corp,PCG,0.06%,Electric Utilities,US,---,"$863,424,226.38 ","55,993,789"
,B3P2CN8,Xylem Inc/NY,XYL,0.06%,Industrial Machinery & Supplies & Components,US,---,"$855,205,266.21 ","6,202,983"
,2674458,Paychex Inc,PAYX,0.06%,Human Resource & Employment Services,US,---,"$851,042,476.29 ","8,252,133"
,B1WT4X2,Interactive Brokers Group Inc,IBKR,0.06%,Investment Banking & Brokerage,US,---,"$849,526,179.84 ","11,345,168"
,BQ84ZQ6,Kenvue Inc,KVUE,0.06%,Personal Care Products,US,---,"$849,183,283.80 ","48,803,637"
,BK531S8,Otis Worldwide Corp,OTIS,0.06%,Industrial Machinery & Supplies & Components,US,---,"$848,375,808.14 ","9,931,817"
,2491839,Kimberly-Clark Corp,KMB,0.06%,Household Products,US,---,"$845,391,352.41 ","8,454,759"
,B4QG225,United Airlines Holdings Inc,UAL,0.06%,Passenger Airlines,US,---,"$843,918,374.88 ","8,247,834"
,BYNZGK1,Block Inc,XYZ,0.06%,Transaction & Payment Processing Services,US,---,"$843,019,348.35 ","13,950,345"
,B3Z5T14,Garmin Ltd,GRMN,0.06%,Consumer Electronics,US,---,"$839,848,949.24 ","4,165,091"
,2655408,Occidental Petroleum Corp,OXY,0.06%,Integrated Oil & Gas,US,---,"$831,691,727.43 ","18,323,237"
,2523044,Carnival Corp,CCL,0.05%,"Hotels, Resorts & Cruise Lines",US,---,"$830,393,847.08 ","27,661,354"
,2047317,Archer-Daniels-Midland Co,ADM,0.05%,Agricultural Products & Services,US,---,"$824,107,629.15 ","12,243,465"
,2474164,EMCOR Group Inc,EME,0.05%,Construction & Engineering,US,---,"$822,001,213.76 ","1,140,512"
,2656423,Old Dominion Freight Line Inc,ODFL,0.05%,Cargo Ground Transportation,US,---,"$811,527,734.00 ","4,685,495"
,B5B1S13,Dollar General Corp,DG,0.05%,Consumer Staples Merchandise Retail,US,---,"$804,298,928.58 ","5,607,606"
,B748CK2,Expedia Group Inc,EXPE,0.05%,"Hotels, Resorts & Cruise Lines",US,---,"$789,321,455.64 ","2,980,371"
,BL5GZ82,Ingersoll Rand Inc,IR,0.05%,Industrial Machinery & Supplies & Components,US,---,"$788,455,781.54 ","9,158,506"
,BF14BT1,Ares Management Corp,ARES,0.05%,Asset Management & Custody Banks,US,---,"$785,559,159.36 ","5,248,608"
,B7Y8YR3,Diamondback Energy Inc,FANG,0.05%,Oil & Gas Exploration & Production,US,---,"$778,138,342.35 ","4,746,193"
,BDB6Q21,Willis Towers Watson PLC,WTW,0.05%,Insurance Brokers,US,---,"$774,390,919.79 ","2,439,257"
,B4P9W92,Verisk Analytics Inc,VRSK,0.05%,Research & Consulting Services,US,---,"$772,125,653.76 ","3,550,656"
,B02HWR9,Extra Space Storage Inc,EXR,0.05%,Self-Storage REITs,US,---,"$746,074,982.52 ","5,407,516"
,2212922,NRG Energy Inc,NRG,0.05%,Electric Utilities,US,---,"$744,824,326.42 ","4,879,934"
,2718992,Raymond James Financial Inc,RJF,0.05%,Investment Banking & Brokerage,US,---,"$744,590,653.92 ","4,489,272"
,2503477,Teledyne Technologies Inc,TDY,0.05%,Electronic Equipment & Instruments,US,---,"$742,525,772.90 ","1,197,043"
,B28TS42,Ulta Beauty Inc,ULTA,0.05%,Other Specialty Retail,US,---,"$739,510,401.28 ","1,142,348"
,2422806,Hershey Co/The,HSY,0.05%,Packaged Foods & Meats,US,---,"$735,159,243.25 ","3,774,887"
,2769796,Fidelity National Information Services Inc,FIS,0.05%,Transaction & Payment Processing Services,US,---,"$729,062,093.50 ","13,195,694"
,B0796X4,Dexcom Inc,DXCM,0.05%,Health Care Equipment,US,---,"$725,623,403.12 ","9,934,603"
,BYVYWS0,Hewlett Packard Enterprise Co,HPE,0.05%,"Technology Hardware, Storage & Peripherals",US,---,"$723,468,549.04 ","33,618,427"
,2320524,Estee Lauder Cos Inc/The,EL,0.05%,Personal Care Products,US,---,"$722,065,732.96 ","6,263,582"
,2648668,Northern Trust Corp,NTRS,0.05%,Asset Management & Custody Banks,US,---,"$719,953,142.28 ","4,817,996"
,2405302,Halliburton Co,HAL,0.05%,Oil & Gas Equipment & Services,US,---,"$718,479,914.80 ","21,434,365"
,2126249,Mettler-Toledo International Inc,MTD,0.05%,Life Sciences Tools & Services,US,---,"$713,723,637.88 ","519,737"
,2050832,Ameren Corp,AEE,0.05%,Multi-Utilities,US,---,"$711,738,731.28 ","6,891,351"
,2280220,DTE Energy Co,DTE,0.05%,Multi-Utilities,US,---,"$711,019,496.18 ","5,291,111"
,BYWH073,VICI Properties Inc,VICI,0.05%,Other Specialized REITs,US,---,"$707,768,867.52 ","25,205,444"
,B5834C5,Cboe Global Markets Inc,CBOE,0.05%,Financial Exchanges & Data,US,---,"$706,660,297.34 ","2,666,039"
,2278407,Dover Corp,DOV,0.05%,Industrial Machinery & Supplies & Components,US,---,"$704,048,574.39 ","3,494,211"
,BVFTF03,Iron Mountain Inc,IRM,0.05%,Other Specialized REITs,US,---,"$693,823,475.34 ","7,530,918"
,BQRX1X3,Citizens Financial Group Inc,CFG,0.05%,Regional Banks,US,---,"$688,961,837.50 ","10,939,375"
,2900335,Tractor Supply Co,TSCO,0.05%,Other Specialty Retail,US,---,"$684,816,154.56 ","13,459,437"
,2680905,PPL Corp,PPL,0.05%,Electric Utilities,US,---,"$683,134,295.00 ","18,845,084"
,BMZ5LZ5,Expand Energy Corp,EXE,0.05%,Oil & Gas Exploration & Production,US,---,"$682,085,557.17 ","6,067,837"
,2315359,Atmos Energy Corp,ATO,0.04%,Gas Utilities,US,---,"$680,283,359.44 ","4,089,716"
,2455965,Biogen Inc,BIIB,0.04%,Biotechnology,US,---,"$672,369,096.52 ","3,737,668"
,BP96PS6,Synchrony Financial,SYF,0.04%,Consumer Finance,US,---,"$666,520,280.64 ","9,176,928"
,2262864,CoStar Group Inc,CSGP,0.04%,Real Estate Services,US,---,"$664,062,486.00 ","10,797,764"
,BF09HX3,Tapestry Inc,TPR,0.04%,"Apparel, Accessories & Luxury Goods",US,---,"$661,841,995.50 ","5,215,050"
,BVVN4Q8,Eversource Energy,ES,0.04%,Electric Utilities,US,---,"$660,969,005.11 ","9,561,247"
,2698470,PPG Industries Inc,PPG,0.04%,Specialty Chemicals,US,---,"$660,772,838.35 ","5,714,545"
,BDFG6S3,Hubbell Inc,HUBB,0.04%,Electrical Components & Equipment,US,---,"$660,138,417.46 ","1,352,909"
,2440637,CenterPoint Energy Inc,CNP,0.04%,Multi-Utilities,US,---,"$660,069,665.01 ","16,630,629"
,BFY8C75,STERIS PLC,STE,0.04%,Health Care Equipment,US,---,"$656,672,528.20 ","2,500,657"
,2471789,Jabil Inc,JBL,0.04%,Electronic Manufacturing Services,US,---,"$645,579,235.39 ","2,721,781"
,2480677,Devon Energy Corp,DVN,0.04%,Oil & Gas Exploration & Production,US,---,"$642,314,982.31 ","15,974,011"
,B2R3PV1,American Water Works Co Inc,AWK,0.04%,Water Utilities,US,---,"$641,961,918.07 ","4,971,439"
,2131179,AvalonBay Communities Inc,AVB,0.04%,Multi-Family Residential REITs,US,---,"$640,173,259.53 ","3,603,159"
,2196888,Cincinnati Financial Corp,CINF,0.04%,Property & Casualty Insurance,US,---,"$639,497,205.72 ","3,974,748"
,B01R311,Regions Financial Corp,RF,0.04%,Regional Banks,US,---,"$636,834,609.00 ","22,345,074"
,2967589,Williams-Sonoma Inc,WSM,0.04%,Homefurnishing Retail,US,---,"$634,972,466.60 ","3,102,724"
,2367026,General Mills Inc,GIS,0.04%,Packaged Foods & Meats,US,---,"$628,540,263.72 ","13,587,122"
,2319146,Equifax Inc,EFX,0.04%,Research & Consulting Services,US,---,"$628,003,667.40 ","3,118,191"
,2849472,Steel Dynamics Inc,STLD,0.04%,Steel,US,---,"$628,000,464.22 ","3,497,246"
,2100920,FirstEnergy Corp,FE,0.04%,Electric Utilities,US,---,"$626,981,232.78 ","13,244,217"
,BPGMZQ5,Veralto Corp,VLTO,0.04%,Environmental & Facilities Services,US,---,"$626,121,943.16 ","6,325,742"
,2279303,Omnicom Group Inc,OMC,0.04%,Advertising,US,---,"$626,028,452.61 ","8,126,018.34"
,2831543,Southwest Airlines Co,LUV,0.04%,Passenger Airlines,US,---,"$625,850,470.08 ","13,170,254"
,2708841,PulteGroup Inc,PHM,0.04%,Homebuilding,US,---,"$620,968,275.48 ","4,964,172"
,B1HMF22,First Solar Inc,FSLR,0.04%,Semiconductors,US,---,"$616,532,439.52 ","2,733,826"
,2583576,ON Semiconductor Corp,ON,0.04%,Semiconductors,US,---,"$614,193,210.95 ","10,255,355"
,BDV82B8,Leidos Holdings Inc,LDOS,0.04%,Research & Consulting Services,US,---,"$613,351,659.96 ","3,257,657"
,2829515,Edison International,EIX,0.04%,Electric Utilities,US,---,"$610,391,208.24 ","9,800,758"
,2511920,Lennar Corp,LEN,0.04%,Homebuilding,US,---,"$601,285,797.45 ","5,498,727"
,2445063,Humana Inc,HUM,0.04%,Managed Health Care,US,---,"$598,153,702.40 ","3,064,312"
,2289874,Darden Restaurants Inc,DRI,0.04%,Restaurants,US,---,"$590,757,378.30 ","2,963,418"
,2195841,Church & Dwight Co Inc,CHD,0.04%,Household Products,US,---,"$588,906,106.25 ","6,118,505"
,2702337,T Rowe Price Group Inc,TROW,0.04%,Asset Management & Custody Banks,US,---,"$587,561,249.20 ","5,559,815"
,2116228,CH Robinson Worldwide Inc,CHRW,0.04%,Air Freight & Logistics,US,---,"$586,738,285.70 ","3,009,686"
,B1VP7R6,Broadridge Financial Solutions Inc,BR,0.04%,Data Processing & Outsourced Services,US,---,"$586,124,127.79 ","2,973,589"
,B0T7YX2,Live Nation Entertainment Inc,LYV,0.04%,Movies & Entertainment,US,---,"$585,079,606.60 ","4,022,548"
,BSBK800,Labcorp Holdings Inc,LH,0.04%,Health Care Services,US,---,"$573,492,868.64 ","2,112,157"
,2272476,Dollar Tree Inc,DLTR,0.04%,Consumer Staples Merchandise Retail,US,---,"$568,422,534.24 ","4,833,936"
,2170473,Constellation Brands Inc,STZ,0.04%,Distillers & Vintners,US,---,"$562,770,186.20 ","3,591,386"
,2937689,Waters Corp,WAT,0.04%,Life Sciences Tools & Services,US,---,"$562,300,310.88 ","1,516,779"
,BMX5GK7,Corpay Inc,CPAY,0.04%,Transaction & Payment Processing Services,US,---,"$560,748,688.24 ","1,782,248"
,2162340,Coterra Energy Inc,CTRA,0.04%,Oil & Gas Exploration & Production,US,---,"$559,550,077.50 ","19,395,150"
,2219224,CMS Energy Corp,CMS,0.04%,Multi-Utilities,US,---,"$554,456,494.29 ","7,755,721"
,BRK49M5,Smurfit Westrock PLC,SW,0.04%,Paper & Plastic Packaging Products & Materials,US,---,"$553,845,811.41 ","13,304,007"
,2637785,NVR Inc,NVR,0.04%,Homebuilding,US,---,"$552,132,000.57 ","72,309"
,2319157,Equity Residential,EQR,0.04%,Multi-Family Residential REITs,US,---,"$549,740,050.72 ","8,821,246"
,2325507,Expeditors International of Washington Inc,EXPD,0.04%,Air Freight & Logistics,US,---,"$548,299,486.30 ","3,415,345"
,2465254,International Paper Co,IP,0.04%,Paper & Plastic Packaging Products & Materials,US,---,"$542,422,419.84 ","13,452,937"
,2692687,Brown & Brown Inc,BRO,0.04%,Insurance Brokers,US,---,"$539,509,663.70 ","7,482,797"
,2645409,NiSource Inc,NI,0.04%,Multi-Utilities,US,---,"$538,575,833.77 ","12,160,213"
,2702791,Quest Diagnostics Inc,DGX,0.04%,Health Care Services,US,---,"$530,063,780.33 ","2,834,111"
,2093644,W R Berkley Corp,WRB,0.03%,Property & Casualty Insurance,US,---,"$524,727,114.12 ","7,651,314"
,BV7DQ55,Amcor PLC,AMCR,0.03%,Paper & Plastic Packaging Products & Materials,US,---,"$520,338,652.80 ","11,759,065.60"
,2142922,VeriSign Inc,VRSN,0.03%,Internet Services & Infrastructure,US,---,"$519,010,974.93 ","2,125,091"
,BYRY499,Kraft Heinz Co/The,KHC,0.03%,Packaged Foods & Meats,US,---,"$515,443,378.54 ","21,712,021"
,2807061,Centene Corp,CNC,0.03%,Managed Health Care,US,---,"$515,137,440.72 ","11,891,446"
,BM99VY2,Texas Pacific Land Corp,TPL,0.03%,Oil & Gas Exploration & Production,US,---,"$514,088,089.68 ","1,475,738"
,BW1P234,Qnity Electronics Inc,Q,0.03%,Semiconductor Materials & Equipment,US,---,"$513,199,937.04 ","5,335,828"
,2046853,Albemarle Corp,ALB,0.03%,Specialty Chemicals,US,---,"$511,626,888.54 ","2,998,458"
,2490911,KeyCorp,KEY,0.03%,Diversified Banks,US,---,"$509,212,652.96 ","23,662,298"
,2504566,Packaging Corp of America,PKG,0.03%,Paper & Plastic Packaging Products & Materials,US,---,"$506,739,896.05 ","2,276,971"
,BZ6TS23,SBA Communications Corp,SBAC,0.03%,Telecom Tower REITs,US,---,"$499,748,552.22 ","2,714,402"
,BHXCF84,Dow Inc,DOW,0.03%,Commodity Chemicals,US,---,"$499,191,508.70 ","18,119,474"
,2367480,Genuine Parts Co,GPC,0.03%,Distributors,US,---,"$492,612,249.72 ","3,544,228"
,2818740,Snap-on Inc,SNA,0.03%,Industrial Machinery & Supplies & Components,US,---,"$485,097,214.44 ","1,325,004"
,2803014,Principal Financial Group Inc,PFG,0.03%,Life & Health Insurance,US,---,"$482,709,601.28 ","5,096,174"
,B23FN39,Lululemon Athletica Inc,LULU,0.03%,"Apparel, Accessories & Luxury Goods",US,---,"$479,733,655.00 ","2,749,190"
,2630643,NetApp Inc,NTAP,0.03%,"Technology Hardware, Storage & Peripherals",US,---,"$476,601,248.70 ","4,946,562"
,B95N910,PTC Inc,PTC,0.03%,Application Software,US,---,"$476,516,254.24 ","3,052,048"
,2747305,Rollins Inc,ROL,0.03%,Environmental & Facilities Services,US,---,"$473,618,452.66 ","7,477,399"
,2958936,Weyerhaeuser Co,WY,0.03%,Timber REITs,US,---,"$473,420,774.84 ","18,363,878"
,2909730,Tyson Foods Inc,TSN,0.03%,Packaged Foods & Meats,US,---,"$470,930,586.37 ","7,208,489"
,BK0VN47,DuPont de Nemours Inc,DD,0.03%,Specialty Chemicals,US,---,"$468,699,175.44 ","10,671,657"
,BYX4D52,HP Inc,HPQ,0.03%,"Technology Hardware, Storage & Peripherals",US,---,"$462,831,894.00 ","23,808,225"
,BZ6VT82,Charter Communications Inc,CHTR,0.03%,Cable & Satellite,US,---,"$462,324,686.56 ","2,242,988"
,B1XGNW4,Insulet Corp,PODD,0.03%,Health Care Equipment,US,---,"$458,465,751.72 ","1,792,212"
,2523022,Loews Corp,L,0.03%,Property & Casualty Insurance,US,---,"$455,486,304.51 ","4,314,543"
,2464165,International Flavors & Fragrances Inc,IFF,0.03%,Specialty Chemicals,US,---,"$455,475,973.29 ","6,524,509"
,BFMXGR0,Evergy Inc,EVRG,0.03%,Electric Utilities,US,---,"$450,030,504.14 ","5,865,118"
,2267278,Deckers Outdoor Corp,DECK,0.03%,Footwear,US,---,"$443,398,938.84 ","3,715,426"
,2783815,Zimmer Biomet Holdings Inc,ZBH,0.03%,Health Care Equipment,US,---,"$439,639,677.69 ","5,049,267"
,BLS09M3,Pentair PLC,PNR,0.03%,Industrial Machinery & Supplies & Components,US,---,"$439,299,858.29 ","4,169,117"
,2973821,Alliant Energy Corp,LNT,0.03%,Electric Utilities,US,---,"$431,645,249.10 ","6,549,010"
,BYT3MK1,Fortive Corp,FTV,0.03%,Industrial Machinery & Supplies & Components,US,---,"$427,410,341.60 ","8,093,360"
,2712013,Global Payments Inc,GPN,0.03%,Transaction & Payment Processing Services,US,---,"$424,971,331.54 ","5,923,771"
,2433530,Hologic Inc,HOLX,0.03%,Health Care Equipment,US,---,"$424,879,175.64 ","5,670,348"
,2950482,West Pharmaceutical Services Inc,WST,0.03%,Life Sciences Tools & Services,US,---,"$423,645,733.44 ","1,833,012"
,B40SSC9,Huntington Ingalls Industries Inc,HII,0.03%,Aerospace & Defense,US,---,"$420,990,222.42 ","1,001,142"
,2471950,Incyte Corp,INCY,0.03%,Biotechnology,US,---,"$420,448,307.94 ","4,201,542"
,BBM5MD6,CDW Corp/DE,CDW,0.03%,Technology Distributors,US,---,"$419,230,195.23 ","3,316,957"
,BTDN8H1,Aptiv PLC,APTV,0.03%,Automotive Parts & Equipment,US,---,"$416,809,224.00 ","5,502,432"
,2316619,Essex Property Trust Inc,ESS,0.03%,Multi-Family Residential REITs,US,---,"$413,310,106.42 ","1,640,966"
,BQPDXR3,Cooper Cos Inc/The,COO,0.03%,Health Care Supplies,US,---,"$411,999,108.04 ","5,062,658"
,BNGC0D3,Jacobs Solutions Inc,J,0.03%,Research & Consulting Services,US,---,"$411,927,567.00 ","3,045,450"
,2903958,Trimble Inc,TRMB,0.03%,Application Software,US,---,"$409,758,346.40 ","6,061,514"
,B02T2J7,Las Vegas Sands Corp,LVS,0.03%,Casinos & Gaming,US,---,"$408,588,792.81 ","7,748,697"
,2909644,Tyler Technologies Inc,TYL,0.03%,Application Software,US,---,"$405,291,273.40 ","1,097,161"
,2427599,F5 Inc,FFIV,0.03%,Communications Equipment,US,---,"$404,556,618.99 ","1,467,859"
,2442053,Lennox International Inc,LII,0.03%,Building Products,US,---,"$403,132,752.24 ","814,278"
,2589132,Mid-America Apartment Communities Inc,MAA,0.03%,Multi-Family Residential REITs,US,---,"$400,537,528.70 ","2,982,409"
,2550161,McCormick & Co Inc/MD,MKC,0.03%,Packaged Foods & Meats,US,---,"$398,910,404.07 ","6,451,729"
,2885937,Textron Inc,TXT,0.03%,Aerospace & Defense,US,---,"$395,141,863.34 ","4,487,189"
,BQ6BPG9,Bunge Global SA,BG,0.03%,Agricultural Products & Services,US,---,"$392,743,194.48 ","3,448,746"
,BGSXTS3,Moderna Inc,MRNA,0.03%,Biotechnology,US,---,"$390,399,912.24 ","8,858,632"
,2445416,JB Hunt Transport Services Inc,JBHT,0.03%,Cargo Ground Transportation,US,---,"$388,548,964.16 ","1,916,678"
,2073022,Ball Corp,BALL,0.03%,"Metal, Glass & Plastic Containers",US,---,"$388,142,185.86 ","6,825,078"
,BJJMGL2,Fox Corp,FOXA,0.03%,Broadcasting,US,---,"$386,614,856.34 ","5,312,103"
,2372763,Gartner Inc,IT,0.03%,IT Consulting & Other Services,US,---,"$384,801,409.17 ","1,835,797"
,BD81GW9,Invitation Homes Inc,INVH,0.03%,Single-Family Residential REITs,US,---,"$384,016,438.08 ","14,366,496"
,BMWS3X9,Viatris Inc,VTRS,0.03%,Pharmaceuticals,US,---,"$383,940,263.63 ","29,330,807"
,2456612,IDEX Corp,IEX,0.03%,Industrial Machinery & Supplies & Components,US,---,"$378,629,886.25 ","1,906,975"
,2641838,Nordson Corp,NDSN,0.02%,Industrial Machinery & Supplies & Components,US,---,"$373,360,250.94 ","1,359,998"
,BRC3N73,Super Micro Computer Inc,SMCI,0.02%,"Technology Hardware, Storage & Peripherals",US,---,"$371,894,572.12 ","12,775,492"
,B0G4K50,CF Industries Holdings Inc,CF,0.02%,Fertilizers & Agricultural Chemicals,US,---,"$370,580,766.07 ","3,974,909"
,2066408,Avery Dennison Corp,AVY,0.02%,Paper & Plastic Packaging Products & Materials,US,---,"$365,310,744.24 ","1,969,224"
,2491594,Kimco Realty Corp,KIM,0.02%,Retail REITs,US,---,"$363,705,044.80 ","17,253,560"
,BFRT3W7,Allegion plc,ALLE,0.02%,Building Products,US,---,"$362,505,275.19 ","2,191,821"
,2507457,Akamai Technologies Inc,AKAM,0.02%,Internet Services & Infrastructure,US,---,"$356,210,675.75 ","3,666,605"
,2556868,Everest Group Ltd,EG,0.02%,Reinsurance,US,---,"$353,987,256.32 ","1,068,544"
,2204026,Clorox Co/The,CLX,0.02%,Household Products,US,---,"$350,505,188.89 ","3,107,591"
,2570200,Masco Corp,MAS,0.02%,Building Products,US,---,"$349,716,292.44 ","5,291,516"
,B4V9661,Ralph Lauren Corp,RL,0.02%,"Apparel, Accessories & Luxury Goods",US,---,"$348,662,290.06 ","986,566"
,BWFRFC6,GoDaddy Inc,GDDY,0.02%,Internet Services & Infrastructure,US,---,"$345,836,044.40 ","3,440,470"
,BJN4XN5,Gen Digital Inc,GEN,0.02%,Systems Software,US,---,"$342,892,380.62 ","14,293,138"
,BQBBFD1,TKO Group Holdings Inc,TKO,0.02%,Movies & Entertainment,US,---,"$342,225,484.30 ","1,689,335"
,BD8FDD1,Trade Desk Inc/The,TTD,0.02%,Advertising,US,---,"$340,089,380.10 ","11,212,970"
,2469193,Jack Henry & Associates Inc,JKHY,0.02%,Transaction & Payment Processing Services,US,---,"$330,502,307.78 ","1,844,218"
,B01SD70,Domino's Pizza Inc,DPZ,0.02%,Restaurants,US,---,"$324,515,635.45 ","790,865"
,2094670,Best Buy Co Inc,BBY,0.02%,Computer & Electronics Retail,US,---,"$323,908,174.80 ","4,975,548"
,B0BV2M7,Builders FirstSource Inc,BLDR,0.02%,Building Products,US,---,"$322,285,506.40 ","2,817,181"
,B3SPXZ3,LyondellBasell Industries NV,LYB,0.02%,Commodity Chemicals,US,---,"$321,312,845.00 ","6,557,405"
,2305844,Revvity Inc,RVTY,0.02%,Life Sciences Tools & Services,US,---,"$314,001,152.00 ","2,886,040"
,B3Q2FJ4,Stanley Black & Decker Inc,SWK,0.02%,Industrial Machinery & Supplies & Components,US,---,"$310,369,863.24 ","3,945,714"
,B28XP76,Invesco Ltd,IVZ,0.02%,Asset Management & Custody Banks,US,---,"$309,397,591.42 ","11,337,398"
,2726177,Regency Centers Corp,REG,0.02%,Retail REITs,US,---,"$305,625,888.75 ","4,194,125"
,BJBLRK3,Healthpeak Properties Inc,DOC,0.02%,Health Care REITs,US,---,"$305,213,615.44 ","17,703,806"
,2331430,Assurant Inc,AIZ,0.02%,Property & Casualty Insurance,US,---,"$303,731,243.05 ","1,275,485"
,2989356,Zebra Technologies Corp,ZBRA,0.02%,Electronic Equipment & Instruments,US,---,"$303,710,945.06 ","1,292,497"
,2414580,Hasbro Inc,HAS,0.02%,Leisure Products,US,---,"$303,248,532.60 ","3,395,460"
,2567503,Host Hotels & Resorts Inc,HST,0.02%,Hotel & Resort REITs,US,---,"$301,887,924.91 ","16,291,847"
,2166320,Camden Property Trust,CPT,0.02%,Multi-Family Residential REITs,US,---,"$295,589,076.15 ","2,710,583"
,B44Z3T8,EPAM Systems Inc,EPAM,0.02%,IT Consulting & Other Services,US,---,"$293,573,210.00 ","1,407,350"
,BMTQB43,Solventum Corp,SOLV,0.02%,Health Care Supplies,US,---,"$289,102,706.68 ","3,756,044"
,2048804,Pinnacle West Capital Corp,PNW,0.02%,Electric Utilities,US,---,"$285,276,789.92 ","3,049,132"
,2951452,J M Smucker Co/The,SJM,0.02%,Packaged Foods & Meats,US,---,"$284,992,597.54 ","2,717,839"
,2727910,UDR Inc,UDR,0.02%,Multi-Family Residential REITs,US,---,"$284,655,448.05 ","7,662,327"
,BK6YKG1,Globe Life Inc,GL,0.02%,Life & Health Insurance,US,---,"$284,023,742.76 ","2,025,558"
,2923785,Universal Health Services Inc,UHS,0.02%,Health Care Facilities,US,---,"$283,205,424.12 ","1,407,162"
,BFX1V56,Dayforce Inc,DAY,0.02%,Human Resource & Employment Services,US,---,"$282,436,579.83 ","4,077,329"
,2679204,Align Technology Inc,ALGN,0.02%,Health Care Supplies,US,---,"$277,154,749.69 ","1,700,023"
,2002479,AES Corp/The,AES,0.02%,Independent Power Producers & Energy Traders,US,---,"$265,741,462.85 ","18,139,349"
,2604336,Charles River Laboratories International Inc,CRL,0.02%,Life Sciences Tools & Services,US,---,"$263,883,196.08 ","1,253,721"
,2085102,Baxter International Inc,BAX,0.02%,Health Care Equipment,US,---,"$262,654,303.77 ","13,086,911"
,BBGVT40,News Corp,NWSA,0.02%,Publishing,US,---,"$261,034,386.30 ","9,657,210"
,B9CGTC3,Norwegian Cruise Line Holdings Ltd,NCLH,0.02%,"Hotels, Resorts & Cruise Lines",US,---,"$254,707,078.68 ","11,598,683"
,BSHZ3Q0,Bio-Techne Corp,TECH,0.02%,Life Sciences Tools & Services,US,---,"$254,412,625.35 ","3,969,615"
,B6197Q2,Generac Holdings Inc,GNRC,0.02%,Electrical Components & Equipment,US,---,"$251,220,472.16 ","1,495,004"
,BJJMGY5,Fox Corp,FOX,0.02%,Broadcasting,US,---,"$248,186,777.62 ","3,785,066"
,2019479,BXP Inc,BXP,0.02%,Office REITs,US,---,"$242,812,633.47 ","3,754,641"
,2329770,FactSet Research Systems Inc,FDS,0.02%,Financial Exchanges & Data,US,---,"$242,728,880.28 ","954,273"
,BNNF1C1,Apa Corp,APA,0.02%,Oil & Gas Exploration & Production,US,---,"$238,569,875.56 ","9,033,316"
,2212706,Molina Healthcare Inc,MOH,0.02%,Managed Health Care,US,---,"$235,306,899.55 ","1,310,245"
,2963811,Wynn Resorts Ltd,WYNN,0.02%,Casinos & Gaming,US,---,"$231,097,765.15 ","2,150,747"
,2215460,Conagra Brands Inc,CAG,0.01%,Packaged Foods & Meats,US,---,"$225,529,023.72 ","12,184,172"
,B3NPHP6,Mosaic Co/The,MOS,0.01%,Fertilizers & Agricultural Chemicals,US,---,"$222,231,432.50 ","8,081,143"
,2009210,Alexandria Real Estate Equities Inc,ARE,0.01%,Health Care REITs,US,---,"$216,524,386.80 ","3,962,745"
,2781585,Pool Corp,POOL,0.01%,Distributors,US,---,"$212,172,772.70 ","835,030"
,2816023,A O Smith Corp,AOS,0.01%,Building Products,US,---,"$212,102,869.54 ","2,886,146"
,2961053,Skyworks Solutions Inc,SWKS,0.01%,Semiconductors,US,---,"$211,289,806.72 ","3,789,272"
,2350684,Franklin Resources Inc,BEN,0.01%,Asset Management & Custody Banks,US,---,"$208,190,015.44 ","7,820,812"
,B067BM3,Molson Coors Beverage Co,TAP,0.01%,Brewers,US,---,"$207,075,891.56 ","4,310,489"
,BN7P9B2,Federal Realty Investment Trust,FRT,0.01%,Retail REITs,US,---,"$202,280,648.76 ","1,999,611"
,2416962,Henry Schein Inc,HSIC,0.01%,Health Care Distributors,US,---,"$192,230,803.44 ","2,546,778"
,BK80XH9,Match Group Inc,MTCH,0.01%,Interactive Media & Services,US,---,"$187,189,227.75 ","6,009,285"
,2311711,Erie Indemnity Co,ERIE,0.01%,Property & Casualty Insurance,US,---,"$183,080,018.03 ","646,903"
,2437264,Hormel Foods Corp,HRL,0.01%,Packaged Foods & Meats,US,---,"$182,583,583.41 ","7,419,081"
,2547419,MGM Resorts International,MGM,0.01%,Casinos & Gaming,US,---,"$175,283,394.00 ","5,226,100"
,BL95MY0,Paycom Software Inc,PAYC,0.01%,Human Resource & Employment Services,US,---,"$167,764,019.50 ","1,245,002"
,BDQZFJ3,Lamb Weston Holdings Inc,LW,0.01%,Packaged Foods & Meats,US,---,"$162,879,308.43 ","3,546,251"
,2162845,Campbell's Company/The,CPB,<0.01%,Packaged Foods & Meats,US,---,"$140,054,449.60 ","5,005,520"
,2146838,Brown-Forman Corp,BF/B,<0.01%,Distillers & Vintners,US,---,"$122,535,654.22 ","4,477,006"
,2898087,DaVita Inc,DVA,<0.01%,Health Care Services,US,---,"$98,070,982.24 ","896,936"
,BBGVT51,News Corp,NWS,<0.01%,Publishing,US,---,"$94,493,960.10 ","3,038,391"
,BSNMNQ5,Paramount Skydance Corp,PSKY,<0.01%,Broadcasting,US,---,"$88,791,663.55 ","7,920,755"
,BQBG6P5,ABIOMED INC-CVR,2223637D,<0.01%,Health Care Equipment,US,---,$183.60 ,180
,,,,,,,,,
,,,,,,,,,
,,,,,,,,,
,,,,,,,,,
,SEDOL,HOLDINGS,TICKER,% OF FUNDS*,MARKET VALUE*,FACEAMOUNT,COUPONYIELD,MATURITY DATE,
,,,,,,,,,
,,,,,,,,,
,,,,,,,,,
,,,,,,,,,
,,,,,,,,,
,,,,,,,,,
,,,,,,,,,
,,,,,,,,,
,,,,,,,,,
,,,,,,,,,
,,,,,,,,,
,,,,,,,,,
,,,,,,,,,
,,,,,,,,,
,,,,,,,,,
,,,,,,,,,
,,,,,,,,,
,,,,,,,,,
,,,,,,,,,
,,,,,,,,,
"For more information about Vanguard funds and Vanguard ETF Shares, visit advisors.vanguard.com or call 800-997-2798 to obtain a prospectus or, if available, a summary prospectus. Investment objectives, risks, charges, expenses, and other important information about a fund are contained in the prospectus; read and consider it carefully before investing.",,,,,,,,,
